{
  "pawn_diff": 81.99998235788041,
  "knight_diff": 336.9999896023269,
  "bishop_diff": 364.9999980197572,
  "rook_diff": 476.9999995533017,
  "queen_diff": 1024.9999985700015,
  "tempo": 10.000003198440943
}